Resolution,Execution Time (s),Operation,Version,Kernel Size
3840x2160_SE3,0.000414016,Erosion,CUDA,3
3840x2160_SE3,0.000341184,Dilation,CUDA,3
3840x2160_SE3,0.000416512,Erosion,CUDA,3
3840x2160_SE3,0.000419872,Dilation,CUDA,3
3840x2160_SE3,0.000451392,Erosion,CUDA,3
3840x2160_SE3,0.000358048,Dilation,CUDA,3
3840x21603,0.000398368,Erosion,CUDA,3
3840x21603,0.00033184,Dilation,CUDA,3
